num,id_task
1,0010
1,0017
1,0017AOE
1,0017AQE
1,0017BQE
1,0017BTE
1,0017CAE
1,0017CBE
1,0017CCE
1,0017CDE
1,0017CEE
1,0017CFE
1,0017CGE
1,0017CHE
1,0017CIE
1,0017CJE
1,0017CKE
1,0017CLE
1,0017CME
1,0017CNE
1,0017COE
1,0017CPE
1,0017CRE
1,0017CSE
1,0017CXE
1,0017DBE
1,0017DCE
1,0017DFE
1,0017DKE
1,0017DXE
1,0017EGE
1,0017EZE
1,0017FIE
1,0017GQE
1,0017GSE
1,0017GZE
1,0017HAE
1,0017HFE
1,0017HLE
1,0017HPE
1,0017HQE
1,0017HXE
1,0017IBE
1,0017JQE
1,0017LAE
1,0017LHE
1,0017PAE
1,0017REQ
1,0017SSE
1,0017TOC
1,0017WEE
1,0024
1,0026
1,0065
1,0067
1,0069
1,0069AAP1E
1,0069AAP1S
1,0069ABP1E
1,0069ABP1S
1,0069ACP1E
1,0069ACP1S
1,0069ADP1E
1,0069ADP1S
1,0069AEP1E
1,0069AEP1S
1,0069AFP1E
1,0069AFP1S
1,0069AGP1E
1,0069AGP1S
1,0069AHP1E
1,0069AHP1S
1,0069AIP1E
1,0069AIP1S
1,0069AKP1E
1,0069AKP1S
1,0069ALP1E
1,0069ALP1S
1,0069AMP1E
1,0069AMP1S
1,0069ANP1E
1,0069ANP1S
1,0069AOP1E
1,0069AOP1S
1,0069APP1E
1,0069APP1S
1,0069AQP1E
1,0069AQP1S
1,0069ARP1E
1,0069ARP1S
1,0069ASP1E
1,0069ASP1S
1,0069ATP1E
1,0069ATP1S
1,0069AUP1E
1,0069AUP1S
1,0069AWP1E
1,0069AWP1S
1,0069AYP1E
1,0069AYP1S
1,0069AZP1E
1,0069AZP1S
1,0069BAP1E
1,0069BAP1S
1,0069BBP1E
1,0069BBP1S
1,0069BCP1E
1,0069BCP1S
1,0069BDP1E
1,0069BDP1S
1,0069BEP1E
1,0069BEP1S
1,0069BFP1E
1,0069BFP1S
1,0069BGP1E
1,0069BGP1S
1,0069BHP1E
1,0069BHP1S
1,0069BIP1E
1,0069BIP1S
1,0069BJP1E
1,0069BJP1S
1,0069BKP1E
1,0069BKP1S
1,0069BLP1E
1,0069BLP1S
1,0069BMP1E
1,0069BMP1S
1,0069BNP1E
1,0069BNP1S
1,0069BOP1E
1,0069BOP1S
1,0069BQP1E
1,0069BQP1S
1,0069BRP1E
1,0069BRP1S
1,0069BSP1E
1,0069BSP1S
1,0069BTP1E
1,0069BTP1S
1,0069BUP1E
1,0069BUP1S
1,0069BVP1E
1,0069BVP1S
1,0069BWP1E
1,0069BWP1S
1,0069BXP1E
1,0069BXP1S
1,0069BYP1E
1,0069BYP1S
1,0069CAP1E
1,0069CAP1S
1,0069CBP1E
1,0069CBP1S
1,0069CCP1E
1,0069CCP1S
1,0069CDP1E
1,0069CDP1S
1,0069CEP1E
1,0069CEP1S
1,0069CFP1E
1,0069CFP1S
1,0069CGP1E
1,0069CGP1S
1,0069CHP1E
1,0069CHP1S
1,0069CIP1E
1,0069CIP1S
1,0069CJP1E
1,0069CJP1S
1,0069CKP1E
1,0069CKP1S
1,0069CLP1E
1,0069CLP1S
1,0069CMP1E
1,0069CMP1S
1,0069CNP1E
1,0069CNP1S
1,0069COP1E
1,0069COP1S
1,0069CPP1E
1,0069CPP1S
1,0069CRP1E
1,0069CRP1S
1,0069CSP1E
1,0069CSP1S
1,0082
1,0086
1,0086.2A
1,0086.2C
1,0086.3A
1,0086.3C
1,0086.6A
1,0086.6C
1,0086.TA
1,0086.TC
1,0086.TE
1,0086~IA
1,0086~IC
1,0086~SA
1,0086~SC
1,00860GA
1,00860GC
1,00860JA
1,00860JC
1,00860KA
1,00860KC
1,00860MA
1,00860MC
1,00860RA
1,00860RC
1,00860TA
1,00860TC
1,00860ZA
1,00860ZC
1,00861AA
1,00861AC
1,00861AE
1,00861HA
1,00861HC
1,00861KA
1,00861KC
1,00861OA
1,00861OC
1,008626A
1,008626C
1,0086A0A
1,0086A0C
1,0086A1A
1,0086A1C
1,0086A2A
1,0086A2C
1,0086A3A
1,0086A3C
1,0086A4A
1,0086A4C
1,0086A6A
1,0086A6C
1,0086A9A
1,0086A9C
1,0086ACA
1,0086ACC
1,0086AFA
1,0086AFC
1,0086AJA
1,0086AJC
1,0086AKA
1,0086AKC
1,0086AMA
1,0086AMC
1,0086APA
1,0086APC
1,0086ARA
1,0086ARC
1,0086ASA
1,0086ASC
1,0086AVA
1,0086AVC
1,0086AVE
1,0086AWA
1,0086AWC
1,0086AWE
1,0086AXA
1,0086AXC
1,0086AZA
1,0086AZC
1,0086B0A
1,0086B0C
1,0086B1A
1,0086B1C
1,0086B2A
1,0086B2C
1,0086B3A
1,0086B3C
1,0086BAA
1,0086BAC
1,0086BCA
1,0086BCC
1,0086BFA
1,0086BFC
1,0086BLA
1,0086BLC
1,0086BSA
1,0086BSC
1,0086BUA
1,0086BUC
1,0086BVA
1,0086BVC
1,0086BXA
1,0086BXC
1,0086BYA
1,0086BYC
1,0086C1A
1,0086C1C
1,0086C3A
1,0086C3C
1,0086C4A
1,0086C4C
1,0086C6A
1,0086C6C
1,0086C7A
1,0086C7C
1,0086C8A
1,0086C8C
1,0086CAA
1,0086CAC
1,0086CBA
1,0086CBC
1,0086CDA
1,0086CDC
1,0086CLA
1,0086CLC
1,0086COA
1,0086COC
1,0086CQA
1,0086CQC
1,0086D1A
1,0086D1C
1,0086D3A
1,0086D3C
1,0086D-A
1,0086DBA
1,0086DBC
1,0086D-C
1,0086DDA
1,0086DDC
1,0086DEA
1,0086DEC
1,0086DNA
1,0086DNC
1,0086DRA
1,0086DRC
1,0086DSA
1,0086DSC
1,0086E5A
1,0086E5C
1,0086E6A
1,0086E6C
1,0086E7A
1,0086E7C
1,0086E8A
1,0086E8C
1,0086E9A
1,0086E9C
1,0086E-A
1,0086EAA
1,0086EAC
1,0086E-C
1,0086EEA
1,0086EEC
1,0086EEO
1,0086EEP
1,0086EFA
1,0086EFC
1,0086ELA
1,0086ELC
1,0086F1A
1,0086F1C
1,0086F1E
1,0086F2A
1,0086F2C
1,0086F2E
1,0086F3A
1,0086F3C
1,0086F3E
1,0086F5A
1,0086F5C
1,0086F5E
1,0086F6A
1,0086F6C
1,0086F6E
1,0086F7A
1,0086F7C
1,0086F7E
1,0086F9A
1,0086F9C
1,0086F9E
1,0086FCA
1,0086FCC
1,0086FIA
1,0086FIC
1,0086FJA
1,0086FJC
1,0086FOA
1,0086FOC
1,0086FRA
1,0086FRC
1,0086FRE
1,0086FSA
1,0086FSC
1,0086FSE
1,0086FTA
1,0086FTC
1,0086FTE
1,0086FUA
1,0086FUC
1,0086FUE
1,0086FVA
1,0086FVC
1,0086FVE
1,0086FWA
1,0086FWC
1,0086FWE
1,0086FXA
1,0086FXC
1,0086FXE
1,0086FYA
1,0086FYC
1,0086FYE
1,0086G.A
1,0086G.C
1,0086G4A
1,0086G4C
1,0086G4E
1,0086G7A
1,0086G7C
1,0086G7E
1,0086GAA
1,0086GAC
1,0086GAE
1,0086GBA
1,0086GBC
1,0086GBE
1,0086GDA
1,0086GDC
1,0086GGA
1,0086GGC
1,0086GIA
1,0086GIC
1,0086GJA
1,0086GJC
1,0086GNA
1,0086GNC
1,0086GPA
1,0086GPC
1,0086GSA
1,0086GSC
1,0086GSE
1,0086GYA
1,0086GYC
1,0086GZA
1,0086GZC
1,0086H2A
1,0086H2C
1,0086H5A
1,0086H5C
1,0086H6A
1,0086H6C
1,0086H7A
1,0086H7C
1,0086H9A
1,0086H9C
1,0086H9E
1,0086HCA
1,0086HCC
1,0086HCE
1,0086HDA
1,0086HDC
1,0086HDE
1,0086HEA
1,0086HEC
1,0086HEE
1,0086HFA
1,0086HFC
1,0086HFE
1,0086HGA
1,0086HGC
1,0086HGE
1,0086HHA
1,0086HHC
1,0086HHE
1,0086HJA
1,0086HJC
1,0086HJE
1,0086HKA
1,0086HKC
1,0086HKE
1,0086HNA
1,0086HNC
1,0086HNE
1,0086HXA
1,0086HXC
1,0086HXE
1,0086HYA
1,0086HYC
1,0086HYE
1,0086I3A
1,0086I3C
1,0086I4A
1,0086I4C
1,0086I5A
1,0086I5C
1,0086IAA
1,0086IAC
1,0086IGA
1,0086IGC
1,0086IIA
1,0086IIC
1,0086IJA
1,0086IJC
1,0086IKA
1,0086IKC
1,0086IQA
1,0086IQC
1,0086ISA
1,0086ISC
1,0086ITA
1,0086ITC
1,0086IWA
1,0086IWC
1,0086IZA
1,0086IZC
1,0086JFA
1,0086JFC
1,0086JPA
1,0086JPC
1,0086JSA
1,0086JSC
1,0086K8A
1,0086K8C
1,0086K9A
1,0086K9C
1,0086KMA
1,0086KMC
1,0086KNA
1,0086KNC
1,0086KYA
1,0086KYC
1,0086L7A
1,0086L7C
1,0086LAA
1,0086LAC
1,0086LBA
1,0086LBC
1,0086LCA
1,0086LCC
1,0086LDA
1,0086LDC
1,0086LEA
1,0086LEC
1,0086LFA
1,0086LFC
1,0086LHA
1,0086LHC
1,0086LIA
1,0086LIC
1,0086LKA
1,0086LKC
1,0086LLA
1,0086LLC
1,0086LMA
1,0086LMC
1,0086LQA
1,0086LQC
1,0086LTA
1,0086LTC
1,0086LVA
1,0086LVC
1,0086LZA
1,0086LZC
1,0086MCA
1,0086MCC
1,0086MMA
1,0086MMC
1,0086MPA
1,0086MPC
1,0086MQA
1,0086MQC
1,0086MRA
1,0086MRC
1,0086MUA
1,0086MUC
1,0086MVA
1,0086MVC
1,0086MWA
1,0086MWC
1,0086N2A
1,0086N2C
1,0086NIA
1,0086NIC
1,0086NKA
1,0086NKC
1,0086NNA
1,0086NNC
1,0086NSA
1,0086NSC
1,0086O4A
1,0086O4C
1,0086O5A
1,0086O5C
1,0086O6A
1,0086O6C
1,0086OOA
1,0086OOC
1,0086OSA
1,0086OSC
1,0086OTA
1,0086OTC
1,0086OYA
1,0086OYC
1,0086P1A
1,0086P1C
1,0086PDA
1,0086PDC
1,0086PEA
1,0086PEC
1,0086PFA
1,0086PFC
1,0086PLA
1,0086PLC
1,0086PVA
1,0086PVC
1,0086PWA
1,0086PWC
1,0086PXA
1,0086PXC
1,0086Q3A
1,0086Q3C
1,0086Q5A
1,0086Q5C
1,0086Q7A
1,0086Q7C
1,0086QRA
1,0086QRC
1,0086QSA
1,0086QSC
1,0086QTA
1,0086QTC
1,0086QUA
1,0086QUC
1,0086R6A
1,0086R6C
1,0086RCA
1,0086RCC
1,0086RIA
1,0086RIC
1,0086RQA
1,0086RQC
1,0086RXA
1,0086RXC
1,0086TQA
1,0086TQC
1,0086TRA
1,0086TRC
1,0086TXA
1,0086TXC
1,0086UWA
1,0086UWC
1,0086V0A
1,0086V0C
1,0086V0E
1,0086V1A
1,0086V1C
1,0086V1E
1,0086VEA
1,0086VEC
1,0086VEE
1,0086VQA
1,0086VQC
1,0086VQE
1,0086VSA
1,0086VSC
1,0086VSE
1,0086VTA
1,0086VTC
1,0086VTE
1,0086VUA
1,0086VUC
1,0086VWA
1,0086VWC
1,0086VWE
1,0086W1A
1,0086W1C
1,0086W2A
1,0086W2C
1,0086W3A
1,0086W3C
1,0086W5A
1,0086W5C
1,0086W8A
1,0086W8C
1,0086X2A
1,0086X2C
1,0086X2E
1,0086X5A
1,0086X5C
1,0086X7A
1,0086X7C
1,0086XFA
1,0086XFC
1,0086XLA
1,0086XLC
1,0086XMA
1,0086XMC
1,0086XOA
1,0086XOC
1,0086XOE
1,0086XRA
1,0086XRC
1,0086XSA
1,0086XSC
1,0086XTA
1,0086XTC
1,0086XWA
1,0086XWC
1,0086XWE
1,0086Y6A
1,0086Y6C
1,0086Y9A
1,0086Y9C
1,0086YBA
1,0086YBC
1,0086YEA
1,0086YEC
1,0086YJA
1,0086YJC
1,0086YLA
1,0086YLC
1,0086Z3A
1,0086Z3C
1,0086Z6A
1,0086Z6C
1,0086Z7A
1,0086Z7C
1,0086Z9A
1,0086Z9C
1,0086ZEA
1,0086ZEC
1,0086ZHA
1,0086ZHC
1,0086ZRA
1,0086ZRC
1,0086ZVA
1,0086ZVC
1,0086ZYA
1,0086ZYC
1,0087
1,0088
1,0089
1,0090
1,0091
1,0092
1,00TM
1,0100DA
1,0100HGP
1,0100JA
1,0100PM
1,0100SSF
1,0100TCC
1,0100ZM
1,0101
1,0102
1,0102LL
1,0103
1,0103LL
1,0103VD
1,0103VDR
1,0103VDS
1,0104
1,0104BAE
1,0104CTE
1,0104LL
1,0104RTE
1,0104STE
1,0104TTE
1,0106
1,0106CCE
1,0106HCE
1,0106ICE
1,0106LCE
1,0106LL
1,0106PCE
1,0106TCE
1,0108
1,0110
1,0111
1,0121
1,0122
1,0124
1,0124BBE
1,0124BCE
1,0124BDE
1,0124BEE
1,0124BFE
1,0124BGE
1,0124BHE
1,0124BJE
1,0124BKE
1,0124BLE
1,0124BME
1,0124BNE
1,0124BOE
1,0124BPE
1,0124BQE
1,0124BRE
1,0124BSE
1,0124BTE
1,0124BXE
1,0124BYE
1,0124BZE
1,0124CAE
1,0124CBE
1,0124CCE
1,0124CDE
1,0124CEE
1,0124CFE
1,0124CGE
1,0124CHE
1,0124CJE
1,0124CKE
1,0124CLE
1,0124CME
1,0124CPE
1,0124CRE
1,0124CSE
1,0124CTE
1,0124CUE
1,0124CVE
1,0124CWE
1,0124CYE
1,0124CZE
1,0124DAE
1,0124DBE
1,0124DCE
1,0124DDE
1,0124DEE
1,0124DGE
1,0124DIE
1,0124DJE
1,0124DKE
1,0124DLE
1,0124DME
1,0124DOE
1,0124EWE
1,0124EXE
1,0124EYE
1,0124EZE
1,0124FAE
1,0124FDE
1,0124FEE
1,0124FHE
1,0124FIE
1,0124FJE
1,0124FKE
1,0124FLE
1,0124FOE
1,0124FQE
1,0124FRE
1,0124FSE
1,0124FUE
1,0124FVE
1,0124GGE
1,0124GHE
1,0124GQE
1,0124GXE
1,0124GYE
1,0124HFE
1,0124HGE
1,0124IGE
1,0124IHE
1,0124ILE
1,0124IRE
1,0124KAE
1,0124PTE
1,0125
1,0132
1,0132AA
1,0132AB
1,0132AC
1,0132AD
1,0132AE
1,0132AF
1,0132AG
1,0132AH
1,0132AI
1,0132AJ
1,0132AK
1,0132AL
1,0132AM
1,0132AN
1,0132AO
1,0132AP
1,0132AQ
1,0132AR
1,0132AS
1,0132AT
1,0132AU
1,0132AV
1,0132AW
1,0132AX
1,0132CSA
1,0132DRM
1,0132PSA
1,0132SAT
1,0132SATDOC
1,0132SME
1,0132SRA
1,0132U
1,0199
1,0201
1,0202
1,0203
1,0204
1,0205
1,0207
1,0207LL
1,0208
1,0209
1,0210
1,0211
1,0212
1,0214
1,0215
1,0218
1,0218LL
1,0219
1,0219LL
1,0222
1,0225
1,0225LL
1,0226
1,0227
1,0229
1,0232
1,0234
1,0235
1,0238
1,0239
1,0244
1,0245
1,0301
1,0302
1,0305
1,0306
1,0307
1,0311
1,0312
1,0313
1,0314
1,0315
1,0319
1,0323
1,0324
1,0326
1,0327
1,0329
1,0330
1,0331
1,0331AAE
1,0331ABE
1,0331ACE
1,0331ADE
1,0331AEE
1,0331AFE
1,0331AGE
1,0331AHE
1,0331AJE
1,0331AKE
1,0331ALE
1,0331AME
1,0331ANE
1,0331AOE
1,0331APE
1,0331AQE
1,0331ARE
1,0331AWE
1,0331AXE
1,0331BAE
1,0331BBE
1,0331BCE
1,0331BDE
1,0331BEE
1,0331BFE
1,0331BGE
1,0331BHE
1,0331BKE
1,0331BLE
1,0331BME
1,0331BNE
1,0331CAE
1,0331CBE
1,0331CKE
1,0331CLE
1,0331DAE
1,0331DBE
1,0331DCE
1,0331DDE
1,0331DEE
1,0331DFE
1,0331DJE
1,0331DKE
1,0331DLE
1,0331DME
1,0331DNE
1,0331DPE
1,0331DQE
1,0331DSE
1,0331DTE
1,0331DUE
1,0331DVE
1,0331DWE
1,0331DXE
1,0331DYE
1,0331EAE
1,0331EBE
1,0331ECE
1,0331EDE
1,0331EEE
1,0331EFE
1,0331EGE
1,0331EHE
1,0331EJE
1,0331EKE
1,0331ELE
1,0331EME
1,0331FAE
1,0331FBE
1,0331FCE
1,0331FEE
1,0331FFE
1,0331FGE
1,0331FHE
1,0331FJE
1,0331FKE
1,0331FLE
1,0331FME
1,0331FNE
1,0331FPE
1,0331FQE
1,0331FRE
1,0331FSE
1,0331FTE
1,0331FUE
1,0331FXE
1,0331GAE
1,0331GBE
1,0331GCE
1,0331GDE
1,0331GEE
1,0331GFE
1,0331GGE
1,0331GHE
1,0331GLE
1,0331GME
1,0331GNE
1,0331GPE
1,0331GRE
1,0331GTE
1,0331GUE
1,0331GVE
1,0331GWE
1,0331GXE
1,0331GYE
1,0331HAE
1,0331HBE
1,0331HCE
1,0331HDE
1,0331HEE
1,0331HFE
1,0331HGE
1,0331HHE
1,0331HJE
1,0331HKE
1,0331HLE
1,0331HME
1,0331HNE
1,0331HPE
1,0331HQE
1,0331HRE
1,0331HSE
1,0331HTE
1,0331HUE
1,0331HVE
1,0331HWE
1,0331HXE
1,0331HYE
1,0331IAE
1,0331JAE
1,0331JBE
1,0331JCE
1,0331JDE
1,0331JEE
1,0331JFE
1,0331JGE
1,0331JHE
1,0331JKE
1,0331JLE
1,0331JME
1,0331JNE
1,0331JPE
1,0331JQE
1,0331JRE
1,0331KAE
1,0332
1,0401
1,0402
1,0403
1,0404
1,0405
1,0406
1,0407
1,0408
1,0409
1,0410
1,0411
1,0412
1,0413
1,0414
1,0414AHE
1,0414AOE
1,0414ASE
1,0414AZE
1,0414CBE
1,0414CCE
1,0414CDE
1,0414CEE
1,0414CFE
1,0414CGE
1,0414CHE
1,0414CJE
1,0414CKE
1,0414CLE
1,0414CME
1,0414CNE
1,0414CPE
1,0414CRE
1,0414CSE
1,0414CTE
1,0414CVE
1,0414CWE
1,0414CXE
1,0414CYE
1,0414CZE
1,0414DAE
1,0414DBE
1,0414DCE
1,0414DDE
1,0414DHE
1,0414DJE
1,0414DNE
1,0414DOE
1,0414DQE
1,0414DRE
1,0414DSE
1,0414DTE
1,0414DVE
1,0414DWE
1,0414DXE
1,0414DYE
1,0414DZE
1,0414EDE
1,0414EEE
1,0414EGE
1,0414EME
1,0414ENE
1,0414EPE
1,0414EVE
1,0414EZE
1,0414FCE
1,0414FGE
1,0414FRE
1,0414GPE
1,0414GSE
1,0414GXE
1,0414GYE
1,0414HBE
1,0414HLE
1,0414HME
1,0414HRE
1,0414HYE
1,0414TJE
1,0415
1,0416
1,0417
1,0418
1,0419
1,0420
1,0421
1,0422
1,0423
1,0424
1,0425
1,0426
1,0427
1,0429
1,0430
1,0431
1,0432
1,0433
1,0434
1,0435
1,0436
1,0438
1,0441
1,0442
1,0444
1,0445
1,0447
1,0448
1,0452
1,0453
1,0460
1,0461
1,0462
1,0463
1,0464
1,0465
1,0466
1,0467
1,0468
1,0469
1,0470
1,0471
1,0474
1,0475
1,0476
1,0477
1,0478
1,0479
1,0480
1,0481
1,0482
1,0484
1,0485
1,0488
1,0489
1,0492
1,0497
1,0498
1,0499
1,0501
1,0502
1,0502LL
1,0503
1,0507
1,0507LL
1,0507VD
1,0507VDR
1,0507VDS
1,0508
1,0508LL
1,0508VD
1,0508VDR
1,0508VDS
1,0509
1,0509LL
1,0509VD
1,0509VDR
1,0509VDS
1,0510
1,0510LL
1,0510VD
1,0510VDR
1,0510VDS
1,0511
1,0511LL
1,0511VD
1,0511VDR
1,0511VDS
1,0512
1,0512BEE
1,0512LL
1,0513
1,0513BEE
1,0513LL
1,0514
1,0514BEE
1,0514LL
1,0515
1,0516
1,0516LL
1,0516VD
1,0516VDR
1,0516VDS
1,0520
1,0520LL
1,0522
1,0522LL
1,0522VD
1,0522VDR
1,0522VDS
1,0525
1,0525LL
1,0531
1,0531LL
1,0533
1,0533LL
1,0538
1,0538LL
1,0538VD
1,0538VDR
1,0538VDS
1,0540
1,0540LL
1,0540VD
1,0540VDR
1,0540VDS
1,0543
1,0544
1,0544LL
1,0546
1,0546VD
1,0546VDR
1,0546VDS
1,0547
1,0547LL
1,0548
1,0548LL
1,0548VD
1,0548VDR
1,0548VDS
1,0549
1,0549LL
1,0549VD
1,0549VDR
1,0549VDS
1,0557
1,0557VD
1,0557VDR
1,0557VDS
1,0559
1,0559LL
1,0559VD
1,0559VDR
1,0559VDS
1,0564
1,0564LL
1,0564VD
1,0564VDR
1,0564VDS
1,0565
1,0566
1,0566LL
1,0567
1,0567LL
1,0567VD
1,0567VDR
1,0567VDS
1,0568
1,0570
1,0570LL
1,0570VD
1,0570VDR
1,0570VDS
1,0572
1,0572LL
1,0572VD
1,0572VDR
1,0572VDS
1,0573
1,0573LL
1,0574
1,0575
1,0576
1,0576LL
1,0576VD
1,0576VDR
1,0576VDS
1,0577
1,0577LL
1,0577VD
1,0577VDR
1,0577VDS
1,0581
1,0581LL
1,0581VD
1,0581VDR
1,0581VDS
1,0582
1,0582LL
1,0582VD
1,0582VDR
1,0582VDS
1,0583
1,0583LL
1,0583VD
1,0583VDR
1,0583VDS
1,0585
1,0585LL
1,0585VD
1,0585VDR
1,0585VDS
1,0601
1,0601LL
1,0601VD
1,0601VDR
1,0601VDS
1,0602
1,0602LL
1,0603
1,0603LL
1,0603VD
1,0603VDR
1,0603VDS
1,0604
1,0605
1,0605LL
1,0605VD
1,0605VDR
1,0605VDS
1,0606
1,0606LL
1,0607
1,0607LL
1,0607VD
1,0607VDR
1,0607VDS
1,0608
1,0611
1,0611LL
1,0611VD
1,0611VDR
1,0611VDS
1,0612
1,0613
1,0613LL
1,0613VD
1,0613VDR
1,0613VDS
1,0614
1,0614LL
1,0614VD
1,0614VDR
1,0614VDS
1,0623
1,0623LL
1,0624
1,0624LL
1,0627
1,0627LL
1,0627VD
1,0627VDR
1,0627VDS
1,0628
1,0628LL
1,0628VD
1,0628VDR
1,0628VDS
1,0637
1,0637LL
1,0637VD
1,0637VDR
1,0637VDS
1,0638
1,0639
1,0639LL
1,0639VD
1,0639VDR
1,0639VDS
1,0641
1,0644
1,0644LL
1,0645
1,0648
1,0650
1,0650LL
1,0650VD
1,0650VDR
1,0650VDS
1,0701
1,0701LL
1,0702
1,0702LL
1,0703
1,0703LL
1,0705
1,0705LL
1,0706
1,0706LL
1,0710
1,0712
1,0712LL
1,0715
1,0717
1,0717LL
1,0719
1,0719LL
1,0722
1,0722LL
1,0724
1,0724LL
1,0725
1,0725LL
1,0726
1,0726LL
1,0727
1,0727LL
1,0796
1,0796LL
1,0797
1,0797LL
1,0798
1,0798LL
1,0799
1,0799LL
1,0801
1,0801LL
1,0802
1,0802LL
1,0803
1,0803LL
1,0804
1,0805
1,0805LL
1,0811
1,0811LL
1,0812
1,0812LL
1,0813
1,0813LL
1,0815
1,0901
1,0901LL
1,0902
1,0903
1,0904
1,0904LL
1,0905
1,0905LL
1,0906
1,0906LL
1,0907
1,0907LL
1,0908
1,0908LL
1,0909
1,0909LL
1,0910
1,0910LL
1,0911
1,0911LL
1,0911VD
1,0911VDR
1,0911VDS
1,0914
1,0914LL
1,0915
1,0915LL
1,0916
1,0917
1,0917LL
1,0918
1,0918LL
1,0919
1,0919LL
1,0920
1,0920LL
1,0922
1,0922LL
1,0923
1,0923LL
1,0924
1,0924LL
1,0926
1,0926LL
1,0929
1,0929LL
1,0929VD
1,0929VDR
1,0929VDS
1,0931
1,0931LL
1,0931VD
1,0931VDR
1,0931VDS
1,0932
1,0932LL
1,0932VD
1,0932VDR
1,0932VDS
1,0938
1,0938LL
1,0940
1,0941
1,0941LL
1,0942
1,0947
1,0948
1,0950
1,0950LL
1,0953
1,0953LL
1,0956
1,0956LL
1,0961
1,0961LL
1,0962
1,0962VD
1,0962VDR
1,0962VDS
1,0963
1,0963LL
1,0964
1,0964LL
1,0965
1,0965LL
1,0966
1,0967
1,0968
1,0968LL
1,0968VD
1,0968VDR
1,0968VDS
1,0969
1,0969LL
1,0969VD
1,0969VDR
1,0969VDS
1,0971
1,0971LL
1,0972
1,0972LL
1,0973
1,0974
1,0976
1,0976LL
1,0979
1,0979LL
1,0980
1,0981
1,0981LL
1,0982
1,0982LL
1,0983
1,0983LL
1,0983VD
1,0983VDR
1,0983VDS
1,0984
1,0987
1,0987LL
1,0990
1,0990LL
1,0990VD
1,0990VDR
1,0990VDS
1,0991
1,0991LL
1,0991VD
1,0991VDR
1,0991VDS
1,0992
1,0992LL
1,0992VD
1,0992VDR
1,0992VDS
1,0994
1,0994LL
1,0995
1,0995LL
1,0995VD
1,0995VDR
1,0995VDS
1,0996
1,0998
1,0998LL
1,0CCC
1,1001
1,1001LL
1,1001VD
1,1001VDR
1,1001VDS
1,1003
1,1003LL
1,1003VD
1,1003VDR
1,1003VDS
1,1005
1,1005LL
1,1005VD
1,1005VDR
1,1005VDS
1,1006
1,1006LL
1,1006VD
1,1006VDR
1,1006VDS
1,1007
1,1007LL
1,1007VD
1,1007VDR
1,1007VDS
1,1008
1,1009
1,1010
1,1010LL
1,1013
1,1013LL
1,1013VD
1,1013VDR
1,1013VDS
1,1014
1,1014LL
1,1014VD
1,1014VDR
1,1014VDS
1,1015
1,1015LL
1,1016
1,1016LL
1,1019
1,1019LL
1,1022
1,1022LL
1,1022VD
1,1022VDR
1,1022VDS
1,1023
1,1023LL
1,1026
1,1026LL
1,1026VD
1,1026VDR
1,1026VDS
1,1027
1,1027LL
1,1028
1,1028LL
1,1029
1,1029LL
1,1030
1,1030LL
1,1035
1,1035LL
1,1038
1,1038LL
1,1043
1,1043LL
1,1044
1,1044LL
1,1044VD
1,1044VDR
1,1044VDS
1,1047
1,1047LL
1,1047VD
1,1047VDR
1,1047VDS
1,1051
1,1051LL
1,1053
1,1053LL
1,1059
1,1059LL
1,1059VD
1,1059VDR
1,1059VDS
1,1069
1,1070
1,1070LL
1,1070VD
1,1070VDR
1,1070VDS
1,1071
1,1071LL
1,1071VD
1,1071VDR
1,1071VDS
1,1075
1,1075LL
1,1076
1,1076LL
1,1079
1,1079LL
1,1079VD
1,1079VDR
1,1079VDS
1,1082
1,1082LL
1,1082VD
1,1082VDR
1,1082VDS
1,1083
1,1083LL
1,1083VD
1,1083VDR
1,1083VDS
1,1084
1,1084LL
1,1084VD
1,1084VDR
1,1084VDS
1,1085
1,1085LL
1,1085VD
1,1085VDR
1,1085VDS
1,1087
1,1087LL
1,1087VD
1,1087VDR
1,1087VDS
1,1090
1,1090LL
1,1090VD
1,1090VDR
1,1090VDS
1,1096
1,1096LL
1,1096VD
1,1096VDR
1,1096VDS
1,1097
1,1097LL
1,1098
1,1098LL
1,1098VD
1,1098VDR
1,1098VDS
1,10A2
1,1101
1,1101LL
1,1102
1,1102LL
1,1103
1,1103LL
1,1104
1,1104LL
1,1105
1,1105LL
1,1106
1,1107
1,1107LL
1,1109
1,1109LL
1,1110
1,1112
1,1112LL
1,1113
1,1113LL
1,1114
1,1118
1,1118LL
1,1121
1,1121LL
1,1121VD
1,1121VDR
1,1121VDS
1,1123
1,1127
1,1127LL
1,1131
1,1135
1,1138
1,1140
1,1140VD
1,1140VDR
1,1140VDS
1,1145
1,1149
1,1150
1,1153
1,1153LL
1,1154
1,1154LL
1,1155
1,1155LL
1,1156
1,1156LL
1,1158
1,1159
1,1159LL
1,1160
1,1160LL
1,1162
1,1162LL
1,1163
1,1163LL
1,1195
1,1195LL
1,1199
1,1199LL
1,1207
1,1208
1,1213
1,1213LL
1,1213VD
1,1213VDR
1,1213VDS
1,1214
1,1214LL
1,1215
1,1215LL
1,1215VD
1,1215VDR
1,1215VDS
1,1218
1,1223
1,1226
1,1229
1,1230
1,1233
1,1233LL
1,1233VD
1,1233VDR
1,1233VDS
1,1235
1,1235LL
1,1239
1,124A
1,1261
1,1261LL
1,1261VD
1,1261VDR
1,1261VDS
1,1290
1,1301
1,1301LL
1,1302
1,1302LL
1,1303
1,1303LL
1,1305
1,1305LL
1,1307
1,1308
1,1309
1,1309LL
1,1309VD
1,1309VDR
1,1309VDS
1,1310
1,1310LL
1,1310VD
1,1310VDR
1,1310VDS
1,1311
1,1311LL
1,1313
1,1313LL
1,1314
1,1314LL
1,1315
1,1317
1,1318
1,1319
1,1319LL
1,1319VD
1,1319VDR
1,1319VDS
1,1320
1,1322
1,1322LL
1,1331
1,1331LL
1,1332
1,1332LL
1,1333
1,1333LL
1,1334
1,1334LL
1,1401
1,1401LL
1,1402
1,1402LL
1,1403
1,1403LL
1,1409
1,1409LL
1,1410
1,1410LL
1,1501
1,1501LL
1,1502
1,1502LL
1,1503
1,1503LL
1,1505
1,1507
1,1507LL
1,1510
1,1510LL
1,1602
1,1602VD
1,1602VDR
1,1602VDS
1,1603
1,1603LL
1,1604
1,1605
1,1605LL
1,1609
1,1609LL
1,1610
1,1610LL
1,1612
1,1612LL
1,1612VD
1,1612VDR
1,1612VDS
1,1613
1,1613LL
1,1614
1,1614LL
1,1615
1,1616
1,1617
1,1617LL
1,1617VD
1,1617VDR
1,1617VDS
1,1620
1,1623
1,1623VD
1,1623VDR
1,1623VDS
1,1625
1,1625LL
1,1625VD
1,1625VDR
1,1625VDS
1,1627
1,1627VD
1,1627VDR
1,1627VDS
1,1634
1,1634LL
1,1634VD
1,1634VDR
1,1634VDS
1,1635
1,1636
1,1636LL
1,1636VD
1,1636VDR
1,1636VDS
1,1637
1,1641
1,1641VD
1,1641VDR
1,1641VDS
1,1643
1,1643LL
1,1643VD
1,1643VDR
1,1643VDS
1,1645
1,1645LL
1,1645VD
1,1645VDR
1,1645VDS
1,1647
1,1647LL
1,1647VD
1,1647VDR
1,1647VDS
1,1652
1,1652VD
1,1652VDR
1,1652VDS
1,1658
1,1659
1,165B
1,165J
1,1716
1,1745
1,1804
1,1818
1,1843
1,1912
1,1929
1,1951
1,2102
1,218A
1,218ALL
1,218B
1,218BLL
1,2310
1,235A
1,235ALL
1,235AVD
1,235AVDR
1,235AVDS
1,235B
1,235BLL
1,235C
1,235CLL
1,323A
1,323B
1,4002
1,4004
1,4007
1,4010
1,4012
1,4033
1,4035
1,4036
1,4038
1,4045
1,4059
1,4063
1,4069
1,4072
1,4073
1,4077
1,4079
1,4082
1,40SS
1,4108
1,557T
1,557TLL
1,557TVD
1,557TVDR
1,557TVDS
1,609A
1,696C
1,706A
1,706B
1,725A
1,725B
1,9004
1,9004LL
1,9005
1,9006
1,9008
1,9008LL
1,9008VD
1,9008VDR
1,9008VDS
1,9010
1,9010LL
1,9018
1,9018LL
1,9019
1,9019LL
1,9030
1,9030LL
1,9030VD
1,9030VDR
1,9030VDS
1,9031
1,9040
1,918T
1,918TLL
1,924A
1,924AVD
1,924AVDR
1,924AVDS
1,924B
1,924BVD
1,924BVDR
1,924BVDS
1,924D
1,969A
1,969ALL
1,969C
1,969CLL
1,969D
1,969DLL
1,969E
1,969F
1,969G
1,969GLL
1,969J
1,969JLL
1,969L
1,969LLL
1,969M
1,969MLL
1,969P
1,969S
1,969SLL
1,969SVD
1,969SVDR
1,969SVDS
1,969W
1,969WLL
1,969Y
1,969YLL
1,977A
1,A001
1,A003
1,A004
1,A004LL
1,A005
1,A005LL
1,A006
1,A006LL
1,A007
1,A008
1,A008LL
1,A010
1,A010ABE
1,A010ADE
1,A010CBM
1,A010PC
1,A010TCE
1,A012
1,A012LL
1,A012VD
1,A012VDR
1,A012VDS
1,A013
1,A013LL
1,A013VD
1,A013VDR
1,A013VDS
1,A014
1,A014SPEC
1,A014VD
1,A014VDR
1,A014VDS
1,A015
1,A015LL
1,A016
1,A016LL
1,A016VD
1,A016VDR
1,A016VDS
1,A018
1,A018LL
1,A019
1,A019LL
1,A019VD
1,A019VDR
1,A019VDS
1,A020
1,A022
1,A025
1,A026
1,A026LL
1,A026VD
1,A026VDR
1,A026VDS
1,A031
1,A031LL
1,A032
1,A033
1,A033LL
1,A035
1,A035LL
1,A035VD
1,A035VDR
1,A035VDS
1,A036
1,A037
1,A037LL
1,A037VD
1,A037VDR
1,A037VDS
1,A040
1,A040LL
1,A040VD
1,A040VDR
1,A040VDS
1,A041
1,A041LL
1,A041VD
1,A041VDR
1,A041VDS
1,A042
1,A042LL
1,A042VD
1,A042VDR
1,A042VDS
1,A044
1,A044LL
1,A045
1,A045LL
1,A045VD
1,A045VDR
1,A045VDS
1,A046
1,A046LL
1,A046VD
1,A046VDR
1,A046VDS
1,A047
1,A047LL
1,A047VD
1,A047VDR
1,A047VDS
1,A048
1,A04T
1,A052
1,A053
1,A053LL
1,A053VD
1,A053VDR
1,A053VDS
1,A054
1,A054LL
1,A056
1,A056LL
1,A056VD
1,A056VDR
1,A056VDS
1,A057
1,A058
1,A059
1,A059LL
1,A059VD
1,A059VDR
1,A059VDS
1,A060
1,A062
1,A062LL
1,A064
1,A065
1,A065LL
1,A066
1,A068
1,A068EL
1,A068LL
1,A068VD
1,A068VDR
1,A068VDS
1,A070
1,A070LL
1,A070VD
1,A070VDR
1,A070VDS
1,A072
1,A073
1,A073LL
1,A073VD
1,A073VDR
1,A073VDS
1,A075
1,A076
1,A076EL
1,A076LL
1,A076VD
1,A076VDR
1,A076VDS
1,A081
1,A081LL
1,A081VD
1,A081VDR
1,A081VDS
1,A090
1,A090LL
1,A092
1,A092LL
1,A092VD
1,A092VDR
1,A092VDS
1,A095
1,A095LL
1,A095VD
1,A095VDR
1,A095VDS
1,A096
1,A096LL
1,A096VD
1,A096VDR
1,A096VDS
1,A097
1,A097LL
1,A097VD
1,A097VDR
1,A097VDS
1,A098
1,A098LL
1,A098VD
1,A098VDR
1,A098VDS
1,A102
1,A102LL
1,A102VD
1,A102VDR
1,A102VDS
1,A105
1,A105LL
1,A105VD
1,A105VDR
1,A105VDS
1,A107
1,A107LL
1,A107VD
1,A107VDR
1,A107VDS
1,A108
1,A108LL
1,A108VD
1,A108VDR
1,A108VDS
1,A109
1,A111
1,A111LL
1,A111VD
1,A111VDR
1,A111VDS
1,A115
1,A115LL
1,A115VD
1,A115VDR
1,A115VDS
1,A116
1,A116LL
1,A116VD
1,A116VDR
1,A116VDS
1,A117
1,A117LL
1,A118
1,A118LL
1,A122
1,A122LL
1,A122VD
1,A122VDR
1,A122VDS
1,A124
1,A124LL
1,A124VD
1,A124VDR
1,A124VDS
1,A125
1,A125LL
1,A127
1,A130
1,A130LL
1,A130VD
1,A130VDR
1,A130VDS
1,A132
1,A132LL
1,A132VD
1,A132VDR
1,A132VDS
1,A135
1,A135LL
1,A135VD
1,A135VDR
1,A135VDS
1,A137
1,A137LL
1,A138
1,A138LL
1,A138VD
1,A138VDR
1,A138VDS
1,A139
1,A140
1,A140LL
1,A140VD
1,A140VDR
1,A140VDS
1,A141
1,A141LL
1,A141VD
1,A141VDR
1,A141VDS
1,A142
1,A144
1,A144LL
1,A144VD
1,A144VDR
1,A144VDS
1,A147
1,A148
1,A148LL
1,A148VD
1,A148VDR
1,A148VDS
1,A150
1,A150LL
1,A150VD
1,A150VDR
1,A150VDS
1,A151
1,A151LL
1,A151VD
1,A151VDR
1,A151VDS
1,A152
1,A152LL
1,A152VD
1,A152VDR
1,A152VDS
1,A153
1,A153LL
1,A153VD
1,A153VDR
1,A153VDS
1,A155
1,A155LL
1,A155VD
1,A155VDR
1,A155VDS
1,A160
1,A160EL
1,A160LL
1,A160VD
1,A160VDR
1,A160VDS
1,A162
1,A162LL
1,A162VD
1,A162VDR
1,A162VDS
1,A163
1,A164
1,A164VD
1,A164VDS
1,A166
1,A166LL
1,A166VD
1,A166VDR
1,A166VDS
1,A167
1,A167LL
1,A167VD
1,A167VDR
1,A167VDS
1,A168
1,A168LL
1,A168VD
1,A168VDR
1,A168VDS
1,A175
1,A175LL
1,A175VD
1,A175VDR
1,A175VDS
1,A179
1,A179LL
1,A184
1,A184LL
1,A186
1,A187
1,A187LL
1,A192
1,A192LL
1,A192VD
1,A192VDR
1,A192VDS
1,A197
1,A197LL
1,A197VD
1,A197VDR
1,A197VDS
1,A204
1,A204LL
1,A204VD
1,A204VDR
1,A204VDS
1,A209
1,A209LL
1,A210
1,A216
1,A217
1,A217LL
1,A217VD
1,A217VDR
1,A217VDS
1,A218
1,A218LL
1,A218VD
1,A218VDR
1,A218VDS
1,A225
1,A225LL
1,A225VD
1,A225VDR
1,A225VDS
1,A241
1,A241LM
1,A241PM
1,A245
1,A245LL
1,A245VD
1,A245VDR
1,A245VDS
1,A246
1,A246LL
1,A246VD
1,A246VDR
1,A246VDS
1,A268
1,A268LL
1,A273
1,A273EL
1,A273LL
1,A273VD
1,A273VDR
1,A273VDS
1,A279
1,A279LL
1,A286
1,A287
1,A315
1,A315LL
1,A315VD
1,A315VDR
1,A315VDS
1,A341
1,A341LL
1,A60C
1,A60E
1,A60ELL
1,A60G
1,A60H
1,A60P
1,A60T
1,A60U
1,A62A
1,A62C
1,A62F
1,A62P
1,A62T
1,A62U
1,ACCY
1,ACCYVD
1,ACCYVDR
1,ACCYVDS
1,AD19
1,AD19LL
1,B011
1,B011LL
1,B011VD
1,B011VDR
1,B011VDS
1,C002
1,C011
1,C050
1,C086
1,C093
1,C118
1,D005
1,D023
1,E001
1,E004
1,E004LL
1,E004VD
1,E004VDR
1,E004VDS
1,E006
1,E006LL
1,E007
1,E007LL
1,E007VD
1,E007VDR
1,E007VDS
1,E008
1,E008LL
1,E020
1,E020LL
1,E025
1,E025LL
1,E025VD
1,E025VDR
1,E025VDS
1,E026
1,E026LL
1,E031
1,E031LL
1,E031VD
1,E031VDR
1,E031VDS
1,E037
1,E037LL
1,E037VD
1,E037VDR
1,E037VDS
1,E041
1,E041LL
1,E041VD
1,E041VDR
1,E041VDS
1,E043
1,E043LL
1,E047
1,E047LL
1,EG26
1,F011
1,F011LL
1,F011VD
1,F011VDR
1,F011VDS
1,F056
1,F056LL
1,F056VD
1,F056VDR
1,F056VDS
1,F061
1,F061LL
1,F066
1,F070
1,F070LL
1,F084
1,F098
1,G002
1,G002LL
1,G002VD
1,G002VDR
1,G002VDS
1,G004
1,G004LL
1,G004VD
1,G004VDR
1,G004VDS
1,G005
1,G007
1,G007LL
1,G007VD
1,G007VDR
1,G007VDS
1,G008
1,G010
1,G010LL
1,G010VD
1,G010VDR
1,G010VDS
1,G012
1,G012LL
1,G012VD
1,G012VDR
1,G012VDS
1,G014
1,G014LL
1,G014VD
1,G014VDR
1,G014VDS
1,G015
1,G015LL
1,G015VD
1,G015VDR
1,G015VDS
1,G023
1,G023LL
1,G023VD
1,G023VDR
1,G023VDS
1,G025
1,G025LL
1,G025VD
1,G025VDR
1,G025VDS
1,G028
1,G028LL
1,G028VD
1,G028VDR
1,G028VDS
1,G029
1,G029LL
1,G029VD
1,G029VDR
1,G029VDS
1,G057
1,G057LL
1,G057VD
1,G057VDR
1,G057VDS
1,Q720
1,REQBOMGT
1,REQCOMM
1,REQCUSTSPTGT
1,REQGT
1,REQMFGGT
1,REQPEGT
1,REQPERFGT
1,REQQLTYGT
1,REQSITESPTGT
1,REQTRSFTYGT
1,UA10
1,UB10
